{
  "description": "Trending and monitoring DNS policy adherence",
  "edges": [{
    "edge": {
      "bends": [{
        "x": 50.0,
        "y": 26.0
      }, {
        "x": 58.0,
        "y": 26.0
      }, {
        "x": 54.0,
        "y": 26.0
      }, {
        "x": 62.0,
        "y": 26.0
      }, {
        "x": 65.0,
        "y": 22.0
      }],
      "label": "Authorized External DNS",
      "source": {
        "id": "060a0e05-060a-4f02-000b-0d000f04020e",
        "port": "RIGHT"
      },
      "target": {
        "id": "04000d08-0d03-4f09-0201-060b04050007",
        "port": "LEFT"
      }
    },
    "policy": {
      "monitorTraffic": {
        "except": {
          "applications": [],
          "services": [1, 2]
        },
        "mode": "exclude"
      },
      "name": "DNS Servers <-> Authorized External DNS Servers",
      "policyEvents": [{
        "alarmSettings": {
          "duration": 1,
          "enabled": true,
          "maximum": 500,
          "minimum": 100,
          "tolerance": 50
        },
        "id": 7006
      }, {
        "alarmSettings": {
          "duration": 5,
          "enabled": true,
          "maximum": 100000000000,
          "minimum": 1000000000,
          "tolerance": 50
        },
        "id": 7001
      }, {
        "alarmSettings": {
          "duration": 1,
          "enabled": true,
          "maximum": 3000,
          "minimum": 500,
          "tolerance": 50
        },
        "id": 7007
      }, {
        "alarmSettings": {
          "duration": 30,
          "enabled": true,
          "maximum": 1,
          "minimum": 50000,
          "tolerance": 50
        },
        "id": 7003
      }, {
        "alarmSettings": {
          "duration": 2,
          "enabled": true,
          "maximum": 100,
          "minimum": 10,
          "tolerance": 90
        },
        "id": 7008
      }],
      "status": true
    }
  }, {
    "edge": {
      "bends": [{
        "x": 47.0,
        "y": 22.0
      }, {
        "x": 51.0,
        "y": 22.0
      }],
      "label": "Unusual Traffic to External DNS ",
      "source": {
        "id": "060a0e05-060a-4f02-000b-0d000f04020e",
        "port": "RIGHT"
      },
      "target": {
        "id": "04000d08-0d03-4f09-0201-060b04050007",
        "port": "LEFT"
      }
    },
    "policy": {
      "monitorTraffic": {
        "except": {
          "applications": [],
          "services": [1, 2]
        },
        "mode": "include"
      },
      "name": "DNS Servers <-> Authorized External DNS Servers",
      "policyEvents": [{
        "alarmSettings": {
          "duration": 5,
          "enabled": false,
          "maximum": 100000000000,
          "minimum": 1000000000,
          "tolerance": 50
        },
        "id": 7001
      }],
      "status": true
    }
  }, {
    "edge": {
      "bends": [{
        "x": 36.0,
        "y": 16.0
      }, {
        "x": 36.0,
        "y": 20.0
      }, {
        "x": 36.0,
        "y": 20.0
      }, {
        "x": 36.0,
        "y": 24.0
      }, {
        "x": 42.0,
        "y": 24.0
      }],
      "label": "Authorized Internal DNS",
      "source": {
        "id": "060c0303-0807-4f01-020d-000400040d05",
        "port": "MIDDLE"
      },
      "target": {
        "id": "060a0e05-060a-4f02-000b-0d000f04020e",
        "port": "MIDDLE"
      }
    },
    "policy": {
      "description": "Authorized Internal DNS",
      "monitorTraffic": {
        "except": {
          "applications": [],
          "services": [1, 2]
        },
        "mode": "exclude"
      },
      "name": "Inside Hosts <-> DNS Servers",
      "policyEvents": [{
        "alarmSettings": {
          "duration": 5,
          "enabled": false,
          "maximum": 100000000000,
          "minimum": 1000000000,
          "tolerance": 50
        },
        "id": 7001
      }],
      "status": true
    }
  }, {
    "edge": {
      "bends": [{
        "x": 37.0,
        "y": 15.0
      }, {
        "x": 57.0,
        "y": 15.0
      }, {
        "x": 54.0,
        "y": 15.0
      }],
      "label": "Unauthorized External DNS ",
      "source": {
        "id": "060c0303-0807-4f01-020d-000400040d05",
        "port": "RIGHT"
      },
      "target": {
        "id": "0907020b-0801-4f0c-0c0c-06070a080b0e",
        "port": "BOTTOM"
      }
    },
    "policy": {
      "description": "External Unauthorized DNS",
      "monitorTraffic": {
        "except": {
          "applications": [],
          "services": [1, 2]
        },
        "mode": "exclude"
      },
      "name": "Inside Hosts <-> Outside Hosts",
      "policyEvents": [{
        "alarmSettings": {
          "duration": 1,
          "enabled": true,
          "maximum": 500,
          "minimum": 100,
          "tolerance": 50
        },
        "id": 7006
      }, {
        "alarmSettings": {
          "duration": 5,
          "enabled": true,
          "maximum": 100000,
          "minimum": 3600,
          "tolerance": 50
        },
        "id": 7009
      }, {
        "alarmSettings": {
          "duration": 5,
          "enabled": true,
          "maximum": 100000000000,
          "minimum": 1000000000,
          "tolerance": 50
        },
        "id": 7001
      }, {
        "alarmSettings": {
          "duration": 1,
          "enabled": true,
          "maximum": 3000,
          "minimum": 500,
          "tolerance": 50
        },
        "id": 7007
      }, {
        "alarmSettings": {
          "duration": 5,
          "enabled": true,
          "maximum": 100000,
          "minimum": 1000,
          "tolerance": 50
        },
        "id": 7005
      }, {
        "alarmSettings": {
          "duration": 30,
          "enabled": true,
          "maximum": 1,
          "minimum": 50000,
          "tolerance": 50
        },
        "id": 7003
      }, {
        "alarmSettings": {
          "duration": 2,
          "enabled": true,
          "maximum": 100,
          "minimum": 10,
          "tolerance": 90
        },
        "id": 7008
      }, {
        "alarmSettings": {
          "duration": 5,
          "enabled": true,
          "maximum": 100000,
          "minimum": 2500,
          "tolerance": 50
        },
        "id": 7004
      }, {
        "alarmSettings": {
          "duration": 5,
          "enabled": true,
          "maximum": 100000,
          "minimum": 3600,
          "tolerance": 50
        },
        "id": 7010
      }, {
        "alarmSettings": {
          "duration": 5,
          "enabled": true,
          "maximum": 100000,
          "minimum": 1800,
          "tolerance": 50
        },
        "id": 7011
      }, {
        "alarmSettings": {
          "duration": 10,
          "enabled": true,
          "maximum": 10000000000,
          "minimum": 10000000,
          "tolerance": 85
        },
        "id": 7002
      }],
      "status": true
    }
  }, {
    "edge": {
      "bends": [{
        "x": 37.0,
        "y": 12.0
      }, {
        "x": 57.0,
        "y": 12.0
      }, {
        "x": 50.0,
        "y": 12.0
      }],
      "label": "Traffic to Internet",
      "source": {
        "id": "060c0303-0807-4f01-020d-000400040d05",
        "port": "RIGHT"
      },
      "target": {
        "id": "0907020b-0801-4f0c-0c0c-06070a080b0e",
        "port": "LEFT"
      }
    },
    "policy": {
      "monitorTraffic": {
        "except": {
          "applications": [],
          "services": []
        },
        "mode": "include"
      },
      "name": "Inside Hosts <-> Outside Hosts",
      "policyEvents": [{
        "alarmSettings": {
          "duration": 120,
          "enabled": true,
          "maximum": 100000000000,
          "minimum": 1000000000,
          "tolerance": 99
        },
        "id": 7001
      }],
      "status": true
    }
  }, {
    "edge": {
      "bends": [{
        "x": 31.0,
        "y": 17.0
      }, {
        "x": 23.0,
        "y": 17.0
      }, {
        "x": 23.0,
        "y": 19.0
      }],
      "label": "Unauthorized Internal DNS",
      "source": {
        "id": "060c0303-0807-4f01-020d-000400040d05",
        "port": "TOP"
      },
      "target": {
        "id": "060c0303-0807-4f01-020d-000400040d05",
        "port": "BOTTOM"
      }
    },
    "policy": {
      "monitorTraffic": {
        "except": {
          "applications": [],
          "services": []
        },
        "mode": "include"
      },
      "name": "Inside Hosts <-> Inside Hosts",
      "policyEvents": [{
        "alarmSettings": {
          "duration": 5,
          "enabled": false,
          "maximum": 100000000000,
          "minimum": 1000000000,
          "tolerance": 50
        },
        "id": 7001
      }],
      "status": true
    }
  }],
  "embellishments": [{
    "bounds": {
      "height": 2.0,
      "width": 2.0,
      "x": 61.0,
      "y": 10.0
    },
    "iconId": "at-checkmark-xs",
    "type": "ICON"
  }, {
    "bounds": {
      "height": 2.0,
      "width": 2.0,
      "x": 61.0,
      "y": 24.0
    },
    "iconId": "at-checkmark-xs",
    "type": "ICON"
  }, {
    "bounds": {
      "height": 2.0,
      "width": 2.0,
      "x": 61.0,
      "y": 13.0
    },
    "iconId": "at-copy",
    "type": "ICON"
  }, {
    "bounds": {
      "height": 2.0,
      "width": 2.0,
      "x": 41.0,
      "y": 22.0
    },
    "iconId": "at-checkmark-xs",
    "type": "ICON"
  }, {
    "bounds": {
      "height": 2.0,
      "width": 2.0,
      "x": 28.0,
      "y": 17.0
    },
    "iconId": "at-vpn",
    "type": "ICON"
  }, {
    "bounds": {
      "height": 2.0,
      "width": 2.0,
      "x": 61.0,
      "y": 20.0
    },
    "iconId": "at-image",
    "type": "ICON"
  }],
  "name": "DNS Monitoring",
  "nodes": [{
    "hostGroupName": "Inside Hosts",
    "node": {
      "bounds": {
        "height": 6.0,
        "width": 6.0,
        "x": 30.0,
        "y": 13.0
      },
      "hostgroupId": 1,
      "id": "060c0303-0807-4f01-020d-000400040d05",
      "label": "Inside Hosts",
      "shape": {
        "type": "ICON"
      }
    }
  }, {
    "hostGroupName": "Authorized External DNS Servers",
    "node": {
      "bounds": {
        "height": 2.0,
        "width": 9.0,
        "x": 64.0,
        "y": 21.0
      },
      "hostgroupId": 52,
      "id": "04000d08-0d03-4f09-0201-060b04050007",
      "label": "Authorized External DNS Servers",
      "shape": {
        "type": "RECTANGLE"
      }
    }
  }, {
    "hostGroupName": "Outside Hosts",
    "node": {
      "bounds": {
        "height": 6.0,
        "width": 6.0,
        "x": 64.0,
        "y": 9.0
      },
      "hostgroupId": 0,
      "id": "0907020b-0801-4f0c-0c0c-06070a080b0e",
      "shape": {
        "type": "ICON"
      }
    }
  }, {
    "hostGroupName": "DNS Servers",
    "node": {
      "bounds": {
        "height": 6.0,
        "width": 6.0,
        "x": 43.0,
        "y": 19.0
      },
      "hostgroupId": 27,
      "id": "060a0e05-060a-4f02-000b-0d000f04020e",
      "shape": {
        "type": "ICON"
      }
    }
  }]
}